<?xml version="1.0" encoding="UTF-8"?>
<presets xmlns="http://josm.openstreetmap.de/tagging-preset-1.0"
  author="HeinerSchaefer"
  version="0.6 2021-03"
  shortdescription=""
  description="">


    <chunk id="tree-keys">
        <key key="natural" value="tree" />
        <text key="name" text="Name" />
        <text key="height" text="Height (meters)" />
        <text key="diameter_crown" text="Diameter crown (meters)" />
        <text key="circumference" text="Circumference (meters)" />
        <text key="start_date" text="Start date" />
        <combo key="denotation" text="Denotation" values_searchable="true" values_context="tree denotation" >
            <list_entry value="landmark" short_description="Landmark" />
            <list_entry value="natural_monument" short_description="Natural monument" />
            <list_entry value="avenue" short_description="Avenue" />
            <list_entry value="urban" short_description="Urban tree" />
            <list_entry value="agricultural" short_description="Agricultural tree" />
        </combo>
    </chunk>

    <chunk id="tree-row-keys">
        <key key="natural" value="tree_row" />
        <text key="name" text="Name" />
        <text key="height" text="Height (meters)" />
        <text key="start_date" text="Start date" />
    </chunk>

    <chunk id="tree-leaf_type">
        <combo key="leaf_type" text="Leaf type" values_searchable="true" >
            <list_entry value="broadleaved" short_description="Broadleaved" />
            <list_entry value="needleleaved" short_description="Needleleaved" />
            <list_entry value="leafless" short_description="Leafless" />
        </combo>
    </chunk>

    <chunk id="tree-leaf_cycle">
        <combo key="leaf_cycle" text="Leaf cycle" values_searchable="true" >
            <list_entry value="deciduous" short_description="Deciduous" />
            <list_entry value="evergreen" short_description="Evergreen" />
            <list_entry value="semi_deciduous" short_description="Semi deciduous" />
            <list_entry value="semi_evergreen" short_description="Semi evergreen" />
        </combo>
    </chunk>

<!-- Coniferales -->
    <!-- Abies -->
        <chunk id="Abies" >
           <key key="genus" value="Abies" />
           <text key="species" text="Species" />
           <key key="leaf_cycle" value="evergreen" />
           <key key="leaf_type" value="needleleaved" />
        </chunk>
        <chunk id="Abies_alba" >
           <key key="genus" value="Abies" />
           <key key="species" value="Abies alba" />
           <key key="leaf_cycle" value="evergreen" />
           <key key="leaf_type" value="needleleaved" />
        </chunk>
        <chunk id="Abies_nordmanniana" >
           <key key="genus" value="Abies" />
           <key key="species" value="Abies nordmanniana" />
           <key key="leaf_cycle" value="evergreen" />
           <key key="leaf_type" value="needleleaved" />
        </chunk>
        <chunk id="Abies_procera" >
           <key key="genus" value="Abies" />
           <key key="species" value="Abies procera" />
           <key key="leaf_cycle" value="evergreen" />
           <key key="leaf_type" value="needleleaved" />
        </chunk>
        <chunk id="Abies_concolor" >
           <key key="genus" value="Abies" />
           <key key="species" value="Abies concolor" />
           <key key="leaf_cycle" value="evergreen" />
           <key key="leaf_type" value="needleleaved" />
        </chunk>
    <!-- Abies -->

    <!-- Cedrus -->
        <chunk id="Cedrus" >
           <key key="genus" value="Cedrus" />
           <text key="species" text="Species" />
           <key key="leaf_cycle" value="evergreen" />
           <key key="leaf_type" value="needleleaved" />
        </chunk>
        <chunk id="Cedrus_atlantica" >
           <key key="genus" value="Cedrus" />
           <key key="species" value="Cedrus atlantica" />
           <key key="leaf_cycle" value="evergreen" />
           <key key="leaf_type" value="needleleaved" />
        </chunk>
        <chunk id="Cedrus_deodara" >
           <key key="genus" value="Cedrus" />
           <key key="species" value="Cedrus deodara" />
           <key key="leaf_cycle" value="evergreen" />
           <key key="leaf_type" value="needleleaved" />
        </chunk>
    <!-- Cedrus -->

    <!-- Picea -->
         <chunk id="Picea" >
            <key key="genus" value="Picea" />
            <text key="species" text="Species" />
            <key key="leaf_cycle" value="evergreen" />
            <key key="leaf_type" value="needleleaved" />
         </chunk>
         <chunk id="Picea_abies" >
            <key key="genus" value="Picea" />
            <key key="species" value="Picea abies" />
            <key key="leaf_cycle" value="evergreen" />
            <key key="leaf_type" value="needleleaved" />
         </chunk>
         <chunk id="Picea_pungens" >
            <key key="genus" value="Picea" />
            <key key="species" value="Picea pungens" />
            <key key="leaf_cycle" value="evergreen" />
            <key key="leaf_type" value="needleleaved" />
         </chunk>
    <!-- Picea -->

    <!-- Pinus -->
         <chunk id="Pinus" >
            <key key="genus" value="Pinus" />
            <text key="species" text="Species" />
            <key key="leaf_cycle" value="evergreen" />
            <key key="leaf_type" value="needleleaved" />
         </chunk>
         <chunk id="Pinus_sylvestris" >
            <key key="genus" value="Pinus" />
            <key key="species" value="Pinus sylvestris" />
            <key key="leaf_cycle" value="evergreen" />
            <key key="leaf_type" value="needleleaved" />
         </chunk>
         <chunk id="Pinus_mugo" >
            <key key="genus" value="Pinus" />
            <key key="species" value="Pinus mugo" />
            <key key="leaf_cycle" value="evergreen" />
            <key key="leaf_type" value="needleleaved" />
         </chunk>
         <chunk id="Pinus_nigra" >
            <key key="genus" value="Pinus" />
            <key key="species" value="Pinus nigra" />
            <key key="leaf_cycle" value="evergreen" />
            <key key="leaf_type" value="needleleaved" />
         </chunk>
         <chunk id="Pinus_strobus" >
            <key key="genus" value="Pinus" />
            <key key="species" value="Pinus strobus" />
            <key key="leaf_cycle" value="evergreen" />
            <key key="leaf_type" value="needleleaved" />
         </chunk>
         <chunk id="Pinus_cembra" >
            <key key="genus" value="Pinus" />
            <key key="species" value="Pinus cembra" />
            <key key="leaf_cycle" value="evergreen" />
            <key key="leaf_type" value="needleleaved" />
         </chunk>
    <!-- Pinus -->

    <!-- Tsuga -->
        <chunk id="Tsuga" >
           <key key="genus" value="Tsuga" />
           <text key="species" text="Species" />
           <key key="leaf_cycle" value="evergreen" />
           <key key="leaf_type" value="needleleaved" />
        </chunk>
        <chunk id="Tsuga_canadensis" >
           <key key="genus" value="Tsuga" />
           <key key="species" value="Tsuga canadensis" />
           <key key="leaf_cycle" value="evergreen" />
           <key key="leaf_type" value="needleleaved" />
        </chunk>
        <chunk id="Tsuga_heterophylla" >
           <key key="genus" value="Tsuga" />
           <key key="species" value="Tsuga heterophylla" />
           <key key="leaf_cycle" value="evergreen" />
           <key key="leaf_type" value="needleleaved" />
        </chunk>
    <!-- Tsuga -->

    <!-- Sequoioideae -->
        <chunk id="Sequoia_sempervirens" >
           <key key="genus" value="Sequoia" />
           <key key="species" value="Sequoia sempervirens" />
           <key key="leaf_cycle" value="evergreen" />
           <key key="leaf_type" value="needleleaved" />
        </chunk>
        <chunk id="Metasequoia_glyptostroboides" >
           <key key="genus" value="Metasequoia" />
           <key key="species" value="Metasequoia glyptostroboides" />
           <key key="leaf_cycle" value="evergreen" />
           <key key="leaf_type" value="needleleaved" />
        </chunk>
        <chunk id="Sequoiadendron_giganteum" >
           <key key="genus" value="Sequoiadendron" />
           <key key="species" value="Sequoiadendron giganteum" />
           <key key="leaf_cycle" value="evergreen" />
           <key key="leaf_type" value="needleleaved" />
        </chunk>
    <!-- Sequoioideae -->

        <chunk id="Pseudotsuga_menziesii" >
           <key key="genus" value="Pseudotsuga" />
           <key key="species" value="Pseudotsuga menziesii" />
           <key key="leaf_cycle" value="evergreen" />
           <key key="leaf_type" value="needleleaved" />
        </chunk>
        <chunk id="Taxus_baccata" >
           <key key="genus" value="Taxus" />
           <key key="species" value="Taxus baccata" />
           <key key="leaf_cycle" value="evergreen" />
           <key key="leaf_type" value="needleleaved" />
        </chunk>
        <chunk id="Larix_decidua" >
           <key key="genus" value="Larix" />
           <key key="species" value="Larix decidua" />
           <key key="leaf_cycle" value="deciduous" />
           <key key="leaf_type" value="needleleaved" />
        </chunk>
        <chunk id="Juniperus_communis" >
           <key key="genus" value="Juniperus" />
           <key key="species" value="Juniperus communis" />
           <key key="leaf_cycle" value="deciduous" />
           <key key="leaf_type" value="needleleaved" />
        </chunk>
<!-- Coniferales -->

<!-- Broad-leaved trees -->
    <!-- Acer -->
        <chunk id="Acer" >
           <key key="genus" value="Acer" />
           <text key="species" text="Species" />
           <key key="leaf_cycle" value="deciduous" />
           <key key="leaf_type" value="broadleaved" />
        </chunk>
        <chunk id="Acer_pseudoplatanus" >
           <key key="genus" value="Acer" />
           <key key="species" value="Acer pseudoplatanus" />
           <key key="leaf_cycle" value="deciduous" />
           <key key="leaf_type" value="broadleaved" />
        </chunk>
        <chunk id="Acer_buergerianum" >
           <key key="genus" value="Acer" />
           <key key="species" value="Acer buergerianum" />
           <key key="leaf_cycle" value="deciduous" />
           <key key="leaf_type" value="broadleaved" />
        </chunk>
        <chunk id="Acer_negundo" >
           <key key="genus" value="Acer" />
           <key key="species" value="Acer negundo" />
           <key key="leaf_cycle" value="deciduous" />
           <key key="leaf_type" value="broadleaved" />
        </chunk>
        <chunk id="Acer_campestre" >
           <key key="genus" value="Acer" />
           <key key="species" value="Acer campestre" />
           <key key="leaf_cycle" value="deciduous" />
           <key key="leaf_type" value="broadleaved" />
        </chunk>
        <chunk id="Acer_monspessulanum" >
           <key key="genus" value="Acer" />
           <key key="species" value="Acer monspessulanum" />
           <key key="leaf_cycle" value="deciduous" />
           <key key="leaf_type" value="broadleaved" />
        </chunk>
        <chunk id="Acer_opalus" >
           <key key="genus" value="Acer" />
           <key key="species" value="Acer opalus" />
           <key key="leaf_cycle" value="deciduous" />
           <key key="leaf_type" value="broadleaved" />
        </chunk>
        <chunk id="Acer_platanoides" >
           <key key="genus" value="Acer" />
           <key key="species" value="Acer platanoides" />
           <key key="leaf_cycle" value="deciduous" />
           <key key="leaf_type" value="broadleaved" />
        </chunk>
        <chunk id="Acer_saccharinum" >
           <key key="genus" value="Acer" />
           <key key="species" value="Acer saccharinum" />
           <key key="leaf_cycle" value="deciduous" />
           <key key="leaf_type" value="broadleaved" />
        </chunk>
    <!-- Acer -->

    <!-- Aesculus -->
        <chunk id="Aesculus" >
           <key key="genus" value="Aesculus" />
           <text key="species" text="Species" />
           <key key="leaf_cycle" value="deciduous" />
           <key key="leaf_type" value="broadleaved" />
        </chunk>
        <chunk id="Aesculus_hippocastanum" >
           <key key="genus" value="Aesculus" />
           <key key="species" value="Aesculus hippocastanum" />
           <key key="leaf_cycle" value="deciduous" />
           <key key="leaf_type" value="broadleaved" />
        </chunk>
        <chunk id="Aesculus_x_carnea" >
           <key key="genus" value="Aesculus" />
           <key key="species" value="Aesculus × carnea" />
           <key key="leaf_cycle" value="deciduous" />
           <key key="leaf_type" value="broadleaved" />
        </chunk>
    <!-- Aesculus -->

    <!-- Alnus -->
        <chunk id="Alnus" >
           <key key="genus" value="Alnus" />
           <text key="species" text="Species" />
           <key key="leaf_cycle" value="deciduous" />
           <key key="leaf_type" value="broadleaved" />
        </chunk>
        <chunk id="Alnus_glutinosa" >
           <key key="genus" value="Alnus" />
           <key key="species" value="Alnus glutinosa" />
           <key key="leaf_cycle" value="deciduous" />
           <key key="leaf_type" value="broadleaved" />
        </chunk>
        <chunk id="Alnus_incana" >
           <key key="genus" value="Alnus" />
           <key key="species" value="Alnus incana" />
           <key key="leaf_cycle" value="deciduous" />
           <key key="leaf_type" value="broadleaved" />
        </chunk>
        <chunk id="Alnus_alnobetula" >
           <key key="genus" value="Alnus" />
           <key key="species" value="Alnus alnobetula" />
           <key key="leaf_cycle" value="deciduous" />
           <key key="leaf_type" value="broadleaved" />
        </chunk>
        <chunk id="Alnus_cordata" >
           <key key="genus" value="Alnus" />
           <key key="species" value="Alnus cordata" />
           <key key="leaf_cycle" value="deciduous" />
           <key key="leaf_type" value="broadleaved" />
        </chunk>
    <!-- Alnus -->

    <!-- Betula -->
        <chunk id="Betula" >
           <key key="genus" value="Betula" />
           <text key="species" text="Species" />
           <key key="leaf_cycle" value="deciduous" />
           <key key="leaf_type" value="broadleaved" />
        </chunk>
        <chunk id="Betula_pendula" >
           <key key="genus" value="Betula" />
           <key key="species" value="Betula pendula" />
           <key key="leaf_cycle" value="deciduous" />
           <key key="leaf_type" value="broadleaved" />
        </chunk>
        <chunk id="Betula_pubescens" >
           <key key="genus" value="Betula" />
           <key key="species" value="Betula pubescens" />
           <key key="leaf_cycle" value="deciduous" />
           <key key="leaf_type" value="broadleaved" />
        </chunk>
        <chunk id="Betula_utilis" >
           <key key="genus" value="Betula" />
           <key key="species" value="Betula utilis" />
           <key key="leaf_cycle" value="deciduous" />
           <key key="leaf_type" value="broadleaved" />
        </chunk>
        <chunk id="Betula_papyrifera" >
           <key key="genus" value="Betula" />
           <key key="species" value="Betula papyrifera" />
           <key key="leaf_cycle" value="deciduous" />
           <key key="leaf_type" value="broadleaved" />
        </chunk>
    <!-- Betula -->

    <!-- Castanea -->
        <chunk id="Castanea" >
           <key key="genus" value="Castanea" />
           <text key="species" text="Species" />
           <key key="leaf_cycle" value="deciduous" />
           <key key="leaf_type" value="broadleaved" />
        </chunk>
        <chunk id="Castanea_sativa" >
           <key key="genus" value="Castanea" />
           <key key="species" value="Castanea sativa" />
           <key key="leaf_cycle" value="deciduous" />
           <key key="leaf_type" value="broadleaved" />
        </chunk>
    <!-- Castanea -->

    <!-- Celtis -->
        <chunk id="Celtis" >
           <key key="genus" value="Celtis" />
           <text key="species" text="Species" />
           <key key="leaf_cycle" value="deciduous" />
           <key key="leaf_type" value="broadleaved" />
        </chunk>
        <chunk id="Celtis_occidentalis" >
           <key key="genus" value="Celtis" />
           <key key="species" value="Celtis occidentalis" />
           <key key="leaf_cycle" value="deciduous" />
           <key key="leaf_type" value="broadleaved" />
        </chunk>
        <chunk id="Celtis_australis" >
           <key key="genus" value="Celtis" />
           <key key="species" value="Celtis australis" />
           <key key="leaf_cycle" value="deciduous" />
           <key key="leaf_type" value="broadleaved" />
        </chunk>
    <!-- Celtis -->

    <!-- Crataegus -->
        <chunk id="Crataegus" >
           <key key="genus" value="Crataegus" />
           <text key="species" text="Species" />
           <key key="leaf_cycle" value="deciduous" />
           <key key="leaf_type" value="broadleaved" />
        </chunk>
        <chunk id="Crataegus_x_lavallei" >
           <key key="genus" value="Crataegus" />
           <key key="species" value="Crataegus x lavallei" />
           <key key="leaf_cycle" value="deciduous" />
           <key key="leaf_type" value="broadleaved" />
        </chunk>
        <chunk id="Crataegus_monogyna" >
           <key key="genus" value="Crataegus" />
           <key key="species" value="Crataegus monogyna" />
           <key key="leaf_cycle" value="deciduous" />
           <key key="leaf_type" value="broadleaved" />
        </chunk>
        <chunk id="Crataegus_rhipidophylla" >
           <key key="genus" value="Crataegus" />
           <key key="species" value="Crataegus rhipidophylla" />
           <key key="leaf_cycle" value="deciduous" />
           <key key="leaf_type" value="broadleaved" />
        </chunk>
        <chunk id="Crataegus_crus-galli" >
           <key key="genus" value="Crataegus" />
           <key key="species" value="Crataegus crus-galli" />
           <key key="leaf_cycle" value="deciduous" />
           <key key="leaf_type" value="broadleaved" />
        </chunk>
        <chunk id="Crataegus_laevigata" >
           <key key="genus" value="Crataegus" />
           <key key="species" value="Crataegus laevigata" />
           <key key="leaf_cycle" value="deciduous" />
           <key key="leaf_type" value="broadleaved" />
        </chunk>
        <chunk id="Crataegus_laevigata_Pauls_Scarlet" >
           <key key="genus" value="Crataegus" />
           <key key="species" value="Crataegus laevigata Paul’s Scarlet" />
           <key key="leaf_cycle" value="deciduous" />
           <key key="leaf_type" value="broadleaved" />
        </chunk>
    <!-- Crataegus -->

    <!-- Corylus -->
        <chunk id="Corylus" >
           <key key="genus" value="Corylus" />
           <text key="species" text="Species" />
           <key key="leaf_cycle" value="deciduous" />
           <key key="leaf_type" value="broadleaved" />
        </chunk>
        <chunk id="Corylus_avellana" >
           <key key="genus" value="Corylus" />
           <key key="species" value="Corylus avellana" />
           <key key="leaf_cycle" value="deciduous" />
           <key key="leaf_type" value="broadleaved" />
        </chunk>
        <chunk id="Corylus_colurna" >
           <key key="genus" value="Corylus" />
           <key key="species" value="Corylus colurna" />
           <key key="leaf_cycle" value="deciduous" />
           <key key="leaf_type" value="broadleaved" />
        </chunk>
    <!-- Corylus -->

    <!-- Fagus -->
        <chunk id="Fagus_sylvatica" >
           <key key="genus" value="Fagus" />
           <key key="species" value="Fagus sylvatica" />
           <key key="leaf_cycle" value="deciduous" />
           <key key="leaf_type" value="broadleaved" />
        </chunk>
        <chunk id="Fagus_sylvatica_Purpurea" >
           <key key="genus" value="Fagus" />
           <key key="species" value="Fagus sylvatica Purpurea" />
           <key key="leaf_cycle" value="deciduous" />
           <key key="leaf_type" value="broadleaved" />
        </chunk>
        <chunk id="Fagus_sylvatica_Pendula" >
           <key key="genus" value="Fagus" />
           <key key="species" value="Fagus sylvatica Pendula" />
           <key key="leaf_cycle" value="deciduous" />
           <key key="leaf_type" value="broadleaved" />
        </chunk>
    <!-- Fagus -->

    <!-- Fraxinus -->
        <chunk id="Fraxinus" >
           <key key="genus" value="Fraxinus" />
           <text key="species" text="Species" />
           <key key="leaf_cycle" value="deciduous" />
           <key key="leaf_type" value="broadleaved" />
        </chunk>
        <chunk id="Fraxinus_excelsior" >
           <key key="genus" value="Fraxinus" />
           <key key="species" value="Fraxinus excelsior" />
           <key key="leaf_cycle" value="deciduous" />
           <key key="leaf_type" value="broadleaved" />
        </chunk>
        <chunk id="Fraxinus_ornus" >
           <key key="genus" value="Fraxinus" />
           <key key="species" value="Fraxinus ornus" />
           <key key="leaf_cycle" value="deciduous" />
           <key key="leaf_type" value="broadleaved" />
        </chunk>
    <!-- Fraxinus -->

    <!-- Juglans -->
        <chunk id="Juglans" >
           <key key="genus" value="Juglans" />
           <text key="species" text="Species" />
           <key key="leaf_cycle" value="deciduous" />
           <key key="leaf_type" value="broadleaved" />
        </chunk>
        <chunk id="Juglans_nigra" >
           <key key="genus" value="Juglans" />
           <key key="species" value="Juglans nigra" />
           <key key="leaf_cycle" value="deciduous" />
           <key key="leaf_type" value="broadleaved" />
        </chunk>
        <chunk id="Juglans_regia" >
           <key key="genus" value="Juglans" />
           <key key="species" value="Juglans regia" />
           <key key="leaf_cycle" value="deciduous" />
           <key key="leaf_type" value="broadleaved" />
        </chunk>
    <!-- Juglans -->

    <!-- Magnolia -->
        <chunk id="Magnolia" >
           <key key="genus" value="Magnolia" />
           <text key="species" text="Species" />
           <key key="leaf_cycle" value="deciduous" />
           <key key="leaf_type" value="broadleaved" />
        </chunk>
        <chunk id="Magnolia_fraseri" >
           <key key="genus" value="Magnolia" />
           <key key="species" value="Magnolia fraseri" />
           <key key="leaf_cycle" value="deciduous" />
           <key key="leaf_type" value="broadleaved" />
        </chunk>
        <chunk id="Magnolia_grandiflora" >
           <key key="genus" value="Magnolia" />
           <key key="species" value="Magnolia grandiflora" />
           <key key="leaf_cycle" value="evergreen" />
           <key key="leaf_type" value="broadleaved" />
        </chunk>
        <chunk id="Magnolia_x_soulangeana" >
           <key key="genus" value="Magnolia" />
           <key key="species" value="Magnolia × soulangeana" />
           <key key="leaf_cycle" value="evergreen" />
           <key key="leaf_type" value="broadleaved" />
        </chunk>
    <!-- Magnolia -->

    <!-- Populus -->
        <chunk id="Populus" >
           <key key="genus" value="Populus" />
           <text key="species" text="Species" />
           <key key="leaf_cycle" value="deciduous" />
           <key key="leaf_type" value="broadleaved" />
        </chunk>
        <chunk id="Populus_tremula" >
           <key key="genus" value="Populus" />
           <key key="species" value="Populus tremula" />
           <key key="leaf_cycle" value="deciduous" />
           <key key="leaf_type" value="broadleaved" />
        </chunk>
        <chunk id="Populus_nigra" >
           <key key="genus" value="Populus" />
           <key key="species" value="Populus nigra" />
           <key key="leaf_cycle" value="deciduous" />
           <key key="leaf_type" value="broadleaved" />
        </chunk>
        <chunk id="Populus_alba" >
           <key key="genus" value="Populus" />
           <key key="species" value="Populus alba" />
           <key key="leaf_cycle" value="deciduous" />
           <key key="leaf_type" value="broadleaved" />
        </chunk>
        <chunk id="Populus_x_canadensis" >
           <key key="genus" value="Populus" />
           <key key="species" value="Populus × canadensis" />
           <key key="leaf_cycle" value="deciduous" />
           <key key="leaf_type" value="broadleaved" />
        </chunk>
    <!-- Populus -->

    <!-- Platanus -->
        <chunk id="Platanus" >
           <key key="genus" value="Platanus" />
           <text key="species" text="Species" />
           <key key="leaf_cycle" value="deciduous" />
           <key key="leaf_type" value="broadleaved" />
        </chunk>
        <chunk id="Platanus_x_hispanica" >
           <key key="genus" value="Platanus" />
           <key key="species" value="Platanus × hispanica" />
           <key key="leaf_cycle" value="deciduous" />
           <key key="leaf_type" value="broadleaved" />
        </chunk>
        <chunk id="Platanus_orientalis" >
           <key key="genus" value="Platanus" />
           <key key="species" value="Platanus orientalis" />
           <key key="leaf_cycle" value="deciduous" />
           <key key="leaf_type" value="broadleaved" />
        </chunk>
    <!-- Platanus -->

    <!-- Quercus -->
        <chunk id="Quercus" >
           <key key="genus" value="Quercus" />
           <text key="species" text="Species" />
           <key key="leaf_cycle" value="deciduous" />
           <key key="leaf_type" value="broadleaved" />
        </chunk>
        <chunk id="Quercus_robur" >
           <key key="genus" value="Quercus" />
           <key key="species" value="Quercus robur" />
           <key key="leaf_cycle" value="deciduous" />
           <key key="leaf_type" value="broadleaved" />
        </chunk>
        <chunk id="Quercus_petraea" >
           <key key="genus" value="Quercus" />
           <key key="species" value="Quercus petraea" />
           <key key="leaf_cycle" value="deciduous" />
           <key key="leaf_type" value="broadleaved" />
        </chunk>
        <chunk id="Quercus_rubra" >
           <key key="genus" value="Quercus" />
           <key key="species" value="Quercus rubra" />
           <key key="leaf_cycle" value="deciduous" />
           <key key="leaf_type" value="broadleaved" />
        </chunk>
        <chunk id="Quercus_pubescens" >
           <key key="genus" value="Quercus" />
           <key key="species" value="Quercus pubescens" />
           <key key="leaf_cycle" value="deciduous" />
           <key key="leaf_type" value="broadleaved" />
        </chunk>
        <chunk id="Quercus_ilex" >
           <key key="genus" value="Quercus" />
           <key key="species" value="Quercus ilex" />
           <key key="leaf_cycle" value="evergreen" />
           <key key="leaf_type" value="broadleaved" />
        </chunk>
        <chunk id="Quercus_suber" >
           <key key="genus" value="Quercus" />
           <key key="species" value="Quercus suber" />
           <key key="leaf_cycle" value="deciduous" />
           <key key="leaf_type" value="broadleaved" />
        </chunk>
        <chunk id="Quercus_cerris" >
           <key key="genus" value="Quercus" />
           <key key="species" value="Quercus cerris" />
           <key key="leaf_cycle" value="deciduous" />
           <key key="leaf_type" value="broadleaved" />
        </chunk>
    <!-- Quercus -->

    <!-- Salix -->
        <chunk id="Salix" >
           <key key="genus" value="Salix" />
           <text key="species" text="Species" />
           <key key="leaf_cycle" value="deciduous" />
           <key key="leaf_type" value="broadleaved" />
        </chunk>
        <chunk id="Salix_alba" >
           <key key="genus" value="Salix" />
           <key key="species" value="Salix alba" />
           <key key="leaf_cycle" value="deciduous" />
           <key key="leaf_type" value="broadleaved" />
        </chunk>
        <chunk id="Salix_alba_Tristis" >
           <key key="genus" value="Salix" />
           <key key="species" value="Salix alba Tristis" />
           <key key="leaf_cycle" value="deciduous" />
           <key key="leaf_type" value="broadleaved" />
        </chunk>
        <chunk id="Salix_caprea" >
           <key key="genus" value="Salix" />
           <key key="species" value="Salix caprea" />
           <key key="leaf_cycle" value="deciduous" />
           <key key="leaf_type" value="broadleaved" />
        </chunk>
    <!-- Salix -->

    <!-- Sorbus -->
        <chunk id="Sorbus_aucuparia" >
           <key key="genus" value="Sorbus" />
           <key key="species" value="Sorbus aucuparia" />
           <key key="leaf_cycle" value="deciduous" />
           <key key="leaf_type" value="broadleaved" />
        </chunk>
        <chunk id="Sorbus_americana" >
           <key key="genus" value="Sorbus" />
           <key key="species" value="Sorbus americana" />
           <key key="leaf_cycle" value="deciduous" />
           <key key="leaf_type" value="broadleaved" />
        </chunk>
        <chunk id="Sorbus_domestica" >
           <key key="genus" value="Sorbus" />
           <key key="species" value="Sorbus domestica" />
           <key key="leaf_cycle" value="deciduous" />
           <key key="leaf_type" value="broadleaved" />
        </chunk>
        <chunk id="Sorbus_aria" >
           <key key="genus" value="Sorbus" />
           <key key="species" value="Sorbus aria" />
           <key key="leaf_cycle" value="deciduous" />
           <key key="leaf_type" value="broadleaved" />
        </chunk>
        <chunk id="Sorbus_intermedia" >
           <key key="genus" value="Sorbus" />
           <key key="species" value="Sorbus intermedia" />
           <key key="leaf_cycle" value="deciduous" />
           <key key="leaf_type" value="broadleaved" />
        </chunk>
        <chunk id="Sorbus_torminalis" >
           <key key="genus" value="Sorbus" />
           <key key="species" value="Sorbus torminalis" />
           <key key="leaf_cycle" value="deciduous" />
           <key key="leaf_type" value="broadleaved" />
        </chunk>
    <!-- Sorbus -->

    <!-- Tilia -->
        <chunk id="Tilia" >
           <key key="genus" value="Tilia" />
           <text key="species" text="Species" />
           <key key="leaf_cycle" value="deciduous" />
           <key key="leaf_type" value="broadleaved" />
        </chunk>
        <chunk id="Tilia_cordata" >
           <key key="genus" value="Tilia" />
           <key key="species" value="Tilia cordata" />
           <key key="leaf_cycle" value="deciduous" />
           <key key="leaf_type" value="broadleaved" />
        </chunk>
        <chunk id="Tilia_platyphyllos" >
           <key key="genus" value="Tilia" />
           <key key="species" value="Tilia platyphyllos" />
           <key key="leaf_cycle" value="deciduous" />
           <key key="leaf_type" value="broadleaved" />
        </chunk>
        <chunk id="Tilia_americana" >
           <key key="genus" value="Tilia" />
           <key key="species" value="Tilia americana" />
           <key key="leaf_cycle" value="deciduous" />
           <key key="leaf_type" value="broadleaved" />
        </chunk>
        <chunk id="Tilia_x_europaea" >
           <key key="genus" value="Tilia" />
           <key key="species" value="Tilia × europaea" />
           <key key="leaf_cycle" value="deciduous" />
           <key key="leaf_type" value="broadleaved" />
        </chunk>
        <chunk id="Tilia_x_euchlora" >
           <key key="genus" value="Tilia" />
           <key key="species" value="Tilia × euchlora" />
           <key key="leaf_cycle" value="deciduous" />
           <key key="leaf_type" value="broadleaved" />
        </chunk>
    <!-- Tilia -->

    <!-- Ulmus -->
        <chunk id="Ulmus" >
           <key key="genus" value="Ulmus" />
           <text key="species" text="Species" />
           <key key="leaf_cycle" value="deciduous" />
           <key key="leaf_type" value="broadleaved" />
        </chunk>
        <chunk id="Ulmus_glabra" >
           <key key="genus" value="Ulmus" />
           <key key="species" value="Ulmus glabra" />
           <key key="leaf_cycle" value="deciduous" />
           <key key="leaf_type" value="broadleaved" />
        </chunk>
        <chunk id="Ulmus_laevis" >
           <key key="genus" value="Ulmus" />
           <key key="species" value="Ulmus laevis" />
           <key key="leaf_cycle" value="deciduous" />
           <key key="leaf_type" value="broadleaved" />
        </chunk>
    <!-- Ulmus -->

    <!-- Fruit trees -->
        <chunk id="Malus" >
           <key key="genus" value="Malus" />
           <text key="species" text="Species" />
           <key key="leaf_cycle" value="deciduous" />
           <key key="leaf_type" value="broadleaved" />
        </chunk>
        <chunk id="Malus_domestica" >
           <key key="genus" value="Malus" />
           <key key="species" value="Malus domestica" />
           <key key="leaf_cycle" value="deciduous" />
           <key key="leaf_type" value="broadleaved" />
        </chunk>
        <chunk id="Malus_sylvestris" >
           <key key="genus" value="Malus" />
           <key key="species" value="Malus sylvestris" />
           <key key="leaf_cycle" value="deciduous" />
           <key key="leaf_type" value="broadleaved" />
        </chunk>
        <chunk id="Pyrus_communis" >
           <key key="genus" value="Pyrus" />
           <key key="species" value="Pyrus communis" />
           <key key="leaf_cycle" value="deciduous" />
           <key key="leaf_type" value="broadleaved" />
        </chunk>
        <chunk id="Pyrus_pyraster" >
           <key key="genus" value="Pyrus" />
           <key key="species" value="Pyrus pyraster" />
           <key key="leaf_cycle" value="deciduous" />
           <key key="leaf_type" value="broadleaved" />
        </chunk>
        <chunk id="Prunus_domestica" >
           <key key="genus" value="Prunus" />
           <key key="species" value="Prunus domestica" />
           <key key="leaf_cycle" value="deciduous" />
           <key key="leaf_type" value="broadleaved" />
        </chunk>
        <chunk id="Prunus_domestica_syriaca" >
           <key key="genus" value="Prunus" />
           <key key="species" value="Prunus domestica syriaca" />
           <key key="leaf_cycle" value="deciduous" />
           <key key="leaf_type" value="broadleaved" />
        </chunk>
        <chunk id="Prunus_armeniaca" >
           <key key="genus" value="Prunus" />
           <key key="species" value="Prunus armeniaca" />
           <key key="leaf_cycle" value="deciduous" />
           <key key="leaf_type" value="broadleaved" />
        </chunk>
        <chunk id="Prunus_avium" >
           <key key="genus" value="Prunus" />
           <key key="species" value="Prunus avium" />
           <key key="leaf_cycle" value="deciduous" />
           <key key="leaf_type" value="broadleaved" />
        </chunk>
        <chunk id="Prunus_cerasus" >
           <key key="genus" value="Prunus" />
           <key key="species" value="Prunus cerasus" />
           <key key="leaf_cycle" value="deciduous" />
           <key key="leaf_type" value="broadleaved" />
        </chunk>
        <chunk id="Prunus_padus" >
           <key key="genus" value="Prunus" />
           <key key="species" value="Prunus padus" />
           <key key="leaf_cycle" value="deciduous" />
           <key key="leaf_type" value="broadleaved" />
        </chunk>
        <chunk id="Cydonia_oblonga" >
           <key key="genus" value="Cydonia" />
           <key key="species" value="Cydonia oblonga" />
           <key key="leaf_cycle" value="deciduous" />
           <key key="leaf_type" value="broadleaved" />
        </chunk>
        <chunk id="Olea_europaea" >
           <key key="genus" value="Olea" />
           <key key="species" value="Olea europaea" />
           <key key="leaf_cycle" value="evergreen" />
           <key key="leaf_type" value="broadleaved" />
        </chunk>
        <chunk id="Prunus_serrulata" >
           <key key="genus" value="Prunus" />
           <key key="species" value="Prunus serrulata" />
           <key key="leaf_cycle" value="deciduous" />
           <key key="leaf_type" value="broadleaved" />
        </chunk>
    <!-- Fruit trees -->

        <chunk id="Liquidambar_styraciflua" >
           <key key="genus" value="Liquidambar" />
           <key key="species" value="Liquidambar styraciflua" />
           <key key="leaf_cycle" value="deciduous" />
           <key key="leaf_type" value="broadleaved" />
        </chunk>
        <chunk id="Koelreuteria_paniculata" >
           <key key="genus" value="Koelreuteria" />
           <key key="species" value="Koelreuteria paniculata" />
           <key key="leaf_cycle" value="deciduous" />
           <key key="leaf_type" value="broadleaved" />
        </chunk>
        <chunk id="Catalpa_bignonioides" >
           <key key="genus" value="Catalpa" />
           <key key="species" value="Catalpa bignonioides" />
           <key key="leaf_cycle" value="deciduous" />
           <key key="leaf_type" value="broadleaved" />
        </chunk>
        <chunk id="Liriodendron_tulipifera" >
           <key key="genus" value="Liriodendron" />
           <key key="species" value="Liriodendron tulipifera" />
           <key key="leaf_cycle" value="deciduous" />
           <key key="leaf_type" value="broadleaved" />
        </chunk>
        <chunk id="Robinia_pseudoacacia" >
           <key key="genus" value="Robinia" />
           <key key="species" value="Robinia pseudoacacia" />
           <key key="leaf_cycle" value="deciduous" />
           <key key="leaf_type" value="broadleaved" />
        </chunk>
        <chunk id="Sambucus_nigra" >
           <key key="genus" value="Sambucus" />
           <key key="species" value="Sambucus nigra" />
           <key key="leaf_cycle" value="deciduous" />
           <key key="leaf_type" value="broadleaved" />
        </chunk>
        <chunk id="Ginkgo_biloba" >
           <key key="genus" value="Ginkgo" />
           <key key="species" value="Ginkgo biloba" />
           <key key="leaf_cycle" value="deciduous" />
           <key key="leaf_type" value="broadleaved" />
        </chunk>
        <chunk id="Gleditsia_triacanthos" >
           <key key="genus" value="Gleditsia" />
           <key key="species" value="Gleditsia triacanthos" />
           <key key="leaf_cycle" value="deciduous" />
           <key key="leaf_type" value="broadleaved" />
        </chunk>
        <chunk id="Ailanthus_altissima" >
           <key key="genus" value="Ailanthus" />
           <key key="species" value="Ailanthus altissima" />
           <key key="leaf_cycle" value="deciduous" />
           <key key="leaf_type" value="broadleaved" />
        </chunk>
        <chunk id="Cercis_siliquastrum" >
           <key key="genus" value="Cercis" />
           <key key="species" value="Cercis siliquastrum" />
           <key key="leaf_cycle" value="deciduous" />
           <key key="leaf_type" value="broadleaved" />
        </chunk>
        <chunk id="Carpinus_betulus" >
           <key key="genus" value="Carpinus" />
           <key key="species" value="Carpinus betulus" />
           <key key="leaf_cycle" value="deciduous" />
           <key key="leaf_type" value="broadleaved" />
        </chunk>
        <chunk id="Ostrya_carpinifolia" >
           <key key="genus" value="Ostrya" />
           <key key="species" value="Ostrya carpinifolia" />
           <key key="leaf_cycle" value="deciduous" />
           <key key="leaf_type" value="broadleaved" />
        </chunk>
        <chunk id="Pterocarya_fraxinifolia" >
           <key key="genus" value="Pterocarya" />
           <key key="species" value="Pterocarya fraxinifolia" />
           <key key="leaf_cycle" value="deciduous" />
           <key key="leaf_type" value="broadleaved" />
        </chunk>
        <chunk id="Styphnolobium_japonicum" >
           <key key="genus" value="Styphnolobium" />
           <key key="species" value="Styphnolobium japonicum" />
           <key key="leaf_cycle" value="deciduous" />
           <key key="leaf_type" value="broadleaved" />
        </chunk>
        <chunk id="Ilex_aquifolium" >
           <key key="genus" value="Ilex" />
           <key key="species" value="Ilex aquifolium" />
           <key key="leaf_cycle" value="evergreen" />
           <key key="leaf_type" value="broadleaved" />
        </chunk>
<!-- Broad-leaved trees -->

    <group name="Trees" icon="" >

        <item name="Tree" icon="" type="node" preset_name_label="true" >
           <reference ref="tree-keys" />
           <reference ref="tree-leaf_type" />
           <reference ref="tree-leaf_cycle" />
           <text key="genus" text="Genus" />
           <text key="species" text="Species" />
           <text key="taxon" text="Taxon" />
        </item>

        <group name="Coniferales" icon="" >
            <item name="Coniferales n.sp." type="node" >
               <reference ref="tree-keys" />
               <reference ref="tree-leaf_cycle" />
               <key key="leaf_type" value="needleleaved" />
               <text key="genus" text="Genus" />
               <text key="species" text="Species" />
            </item>

            <group name="Pinus" >
                <item name="Pinus n.sp." type="node" >
                   <reference ref="tree-keys" />
                   <reference ref="Pinus" />
                </item>

                <item name="Pinus sylvestris" type="node" >
                   <reference ref="tree-keys" />
                   <reference ref="Pinus_sylvestris" />
                </item>
                <item name="Pinus mugo" type="node" >
                   <reference ref="tree-keys" />
                   <reference ref="Pinus_mugo" />
                </item>
                <item name="Pinus nigra" type="node" >
                   <reference ref="tree-keys" />
                   <reference ref="Pinus_nigra" />
                </item>
                <item name="Pinus strobus" type="node" >
                   <reference ref="tree-keys" />
                   <reference ref="Pinus_strobus" />
                </item>
                <item name="Pinus cembra" type="node" >
                   <reference ref="tree-keys" />
                   <reference ref="Pinus_cembra" />
                </item>
            </group> <!-- Pinus -->

            <group name="Tsuga" >
                <item name="Tsuga n.sp." type="node" >
                   <reference ref="tree-keys" />
                   <reference ref="Tsuga" />
                </item>

                <item name="Tsuga canadensis" type="node" >
                   <reference ref="tree-keys" />
                   <reference ref="Tsuga_canadensis" />
                </item>
                <item name="Tsuga heterophylla" type="node" >
                   <reference ref="tree-keys" />
                   <reference ref="Tsuga_heterophylla" />
                </item>
            </group> <!-- Tsuga -->

            <group name="Sequoioideae" >
                <item name="Sequoia sempervirens" type="node" >
                   <reference ref="tree-keys" />
                   <reference ref="Sequoia_sempervirens" />
                </item>
                <item name="Metasequoia glyptostroboides" type="node" >
                   <reference ref="tree-keys" />
                   <reference ref="Metasequoia_glyptostroboides" />
                </item>
                <item name="Sequoiadendron giganteum" type="node" >
                   <reference ref="tree-keys" />
                   <reference ref="Sequoiadendron_giganteum" />
                </item>
            </group> <!-- Sequoioideae -->

            <group name="Cedrus" >
                <item name="Cedrus n.sp." type="node" >
                   <reference ref="tree-keys" />
                   <reference ref="Cedrus" />
                </item>

                <item name="Cedrus atlantica" type="node" >
                   <reference ref="tree-keys" />
                   <reference ref="Cedrus_atlantica" />
                </item>
                <item name="Cedrus deodara" type="node" >
                   <reference ref="tree-keys" />
                   <reference ref="Cedrus_deodara" />
                </item>
            </group> <!-- Cedrus -->

            <group name="Abies" >
                <item name="Abies n.sp." type="node" >
                   <reference ref="tree-keys" />
                   <reference ref="Abies" />
                </item>

                <item name="Abies alba" type="node" >
                   <reference ref="tree-keys" />
                   <reference ref="Abies_alba" />
                </item>
                <item name="Abies nordmanniana" type="node" >
                   <reference ref="tree-keys" />
                   <reference ref="Abies_nordmanniana" />
                </item>
                <item name="Abies procera" type="node" >
                   <reference ref="tree-keys" />
                   <reference ref="Abies_procera" />
                </item>
                <item name="Abies concolor" type="node" >
                   <reference ref="tree-keys" />
                   <reference ref="Abies_concolor" />
                </item>
            </group> <!-- Abies -->

            <group name="Picea" >
                <item name="Picea n.sp." type="node" >
                   <reference ref="tree-keys" />
                   <reference ref="Picea" />
                </item>

                <item name="Picea abies" type="node" >
                   <reference ref="tree-keys" />
                   <reference ref="Picea_abies" />
                </item>
                <item name="Picea pungens" type="node" >
                   <reference ref="tree-keys" />
                   <reference ref="Picea_pungens" />
                </item>
            </group> <!-- Picea -->

            <item name="Pseudotsuga menziesii" type="node" >
               <reference ref="tree-keys" />
               <reference ref="Pseudotsuga_menziesii" />
            </item>
            <item name="Taxus baccata" type="node" >
               <reference ref="tree-keys" />
               <reference ref="Taxus_baccata" />
            </item>
            <item name="Larix decidua" type="node" >
               <reference ref="tree-keys" />
               <reference ref="Larix_decidua" />
            </item>
            <item name="Juniperus communis" type="node" >
               <reference ref="tree-keys" />
               <reference ref="Juniperus_communis" />
            </item>

        </group> <!-- Coniferales -->

        <group name="Broad-leaved trees" icon="" >
            <item name="Broad-leaved tree n.sp." type="node" >
               <reference ref="tree-keys" />
               <reference ref="tree-leaf_cycle" />
               <key key="leaf_type" value="broadleaved" />
                 <text key="genus" text="Genus" />
                 <text key="species" text="Species" />
            </item>

            <group name="Acer" >
               <item name="Acer n.sp." type="node" >
                  <reference ref="tree-keys" />
                  <reference ref="Acer" />
               </item>

               <item name="Acer pseudoplatanus" type="node" >
                  <reference ref="tree-keys" />
                  <reference ref="Acer_pseudoplatanus" />
               </item>
               <item name="Acer buergerianum" type="node" >
                  <reference ref="tree-keys" />
                  <reference ref="Acer_buergerianum" />
               </item>
               <item name="Acer negundo" type="node" >
                  <reference ref="tree-keys" />
                  <reference ref="Acer_negundo" />
               </item>
               <item name="Acer campestre" type="node" >
                  <reference ref="tree-keys" />
                  <reference ref="Acer_campestre" />
               </item>
               <item name="Acer monspessulanum" type="node" >
                  <reference ref="tree-keys" />
                  <reference ref="Acer_monspessulanum" />
               </item>
               <item name="Acer opalus" type="node" >
                  <reference ref="tree-keys" />
                  <reference ref="Acer_opalus" />
               </item>
               <item name="Acer platanoides" type="node" >
                  <reference ref="tree-keys" />
                  <reference ref="Acer_platanoides" />
               </item>
               <item name="Acer saccharinum" type="node" >
                  <reference ref="tree-keys" />
                  <reference ref="Acer_saccharinum" />
               </item>
            </group> <!-- Acer -->

            <group name="Aesculus" >
               <item name="Aesculus n.sp." type="node" >
                  <reference ref="tree-keys" />
                  <reference ref="Aesculus" />
               </item>

               <item name="Aesculus hippocastanum" type="node" >
                  <reference ref="tree-keys" />
                  <reference ref="Aesculus_hippocastanum" />
               </item>
               <item name="Aesculus × carnea" type="node" >
                  <reference ref="tree-keys" />
                  <reference ref="Aesculus_x_carnea" />
               </item>
            </group> <!-- Aesculus -->

            <group name="Alnus" >
               <item name="Alnus n.sp." type="node" >
                  <reference ref="tree-keys" />
                  <reference ref="Alnus" />
               </item>

               <item name="Alnus glutinosa" type="node" >
                  <reference ref="tree-keys" />
                  <reference ref="Alnus_glutinosa" />
               </item>
               <item name="Alnus incana" type="node" >
                  <reference ref="tree-keys" />
                  <reference ref="Alnus_incana" />
               </item>
               <item name="Alnus alnobetula" type="node" >
                  <reference ref="tree-keys" />
                  <reference ref="Alnus_alnobetula" />
               </item>
               <item name="Alnus cordata" type="node" >
                  <reference ref="tree-keys" />
                  <reference ref="Alnus_cordata" />
               </item>
            </group> <!-- Alnus -->

            <group name="Betula" >
               <item name="Betula n.sp." type="node" >
                  <reference ref="tree-keys" />
                  <reference ref="Betula" />
               </item>

               <item name="Betula pendula" type="node" >
                  <reference ref="tree-keys" />
                  <reference ref="Betula_pendula" />
               </item>
               <item name="Betula pubescens" type="node" >
                  <reference ref="tree-keys" />
                  <reference ref="Betula_pubescens" />
               </item>
               <item name="Betula utilis" type="node" >
                  <reference ref="tree-keys" />
                  <reference ref="Betula_utilis" />
               </item>
               <item name="Betula papyrifera" type="node" >
                  <reference ref="tree-keys" />
                  <reference ref="Betula_papyrifera" />
               </item>
            </group> <!-- Betula -->

            <group name="Castanea" >
               <item name="Castanea n.sp." type="node" >
                  <reference ref="tree-keys" />
                  <reference ref="Castanea" />
               </item>

               <item name="Castanea sativa" type="node" >
                  <reference ref="tree-keys" />
                  <reference ref="Castanea_sativa" />
               </item>
            </group> <!-- Castanea -->

            <group name="Fagus" >
               <item name="Fagus sylvatica" type="node" >
                  <reference ref="tree-keys" />
                  <reference ref="Fagus_sylvatica" />
               </item>
               <item name="Fagus sylvatica Purpurea" type="node" >
                  <reference ref="tree-keys" />
                  <reference ref="Fagus_sylvatica_Purpurea" />
               </item>
               <item name="Fagus sylvatica Pendula" type="node" >
                  <reference ref="tree-keys" />
                  <reference ref="Fagus_sylvatica_Pendula" />
               </item>
            </group> <!-- Fagus -->

            <group name="Fraxinus" >
               <item name="Fraxinus n.sp." type="node" >
                  <reference ref="tree-keys" />
                  <reference ref="Fraxinus" />
               </item>

               <item name="Fraxinus excelsior" type="node" >
                  <reference ref="tree-keys" />
                  <reference ref="Fraxinus_excelsior" />
               </item>
               <item name="Fraxinus ornus" type="node" >
                  <reference ref="tree-keys" />
                  <reference ref="Fraxinus_ornus" />
               </item>
            </group> <!-- Fraxinus -->

            <group name="Tilia" >
               <item name="Tilia n.sp." type="node" >
                  <reference ref="tree-keys" />
                  <reference ref="Tilia" />
               </item>

               <item name="Tilia cordata" type="node" >
                  <reference ref="tree-keys" />
                  <reference ref="Tilia_cordata" />
               </item>
               <item name="Tilia platyphyllos" type="node" >
                  <reference ref="tree-keys" />
                  <reference ref="Tilia_platyphyllos" />
               </item>
               <item name="Tilia americana" type="node" >
                  <reference ref="tree-keys" />
                  <reference ref="Tilia_americana" />
               </item>
               <item name="Tilia × europaea" type="node" >
                  <reference ref="tree-keys" />
                  <reference ref="Tilia_x_europaea" />
               </item>
               <item name="Tilia × euchlora" type="node" >
                  <reference ref="tree-keys" />
                  <reference ref="Tilia_x_euchlora" />
               </item>
            </group> <!-- Tilia -->

            <group name="Quercus" >
               <item name="Quercus n.sp." type="node" >
                  <reference ref="tree-keys" />
                  <reference ref="Quercus" />
               </item>

               <item name="Quercus robur" type="node" >
                  <reference ref="tree-keys" />
                  <reference ref="Quercus_robur" />
               </item>
               <item name="Quercus petraea" type="node" >
                  <reference ref="tree-keys" />
                  <reference ref="Quercus_petraea" />
               </item>
               <item name="Quercus rubra" type="node" >
                  <reference ref="tree-keys" />
                  <reference ref="Quercus_rubra" />
               </item>
               <item name="Quercus pubescens" type="node" >
                  <reference ref="tree-keys" />
                  <reference ref="Quercus_pubescens" />
               </item>
               <item name="Quercus ilex" type="node" >
                  <reference ref="tree-keys" />
                  <reference ref="Quercus_ilex" />
               </item>
               <item name="Quercus suber" type="node" >
                  <reference ref="tree-keys" />
                  <reference ref="Quercus_suber" />
               </item>
               <item name="Quercus cerris" type="node" >
                  <reference ref="tree-keys" />
                  <reference ref="Quercus_cerris" />
               </item>
            </group> <!-- Quercus -->

            <group name="Populus" >
               <item name="Populus n.sp." type="node" >
                  <reference ref="tree-keys" />
                  <reference ref="Populus" />
               </item>

               <item name="Populus tremula" type="node" >
                  <reference ref="tree-keys" />
                  <reference ref="Populus_tremula" />
               </item>
               <item name="Populus nigra" type="node" >
                  <reference ref="tree-keys" />
                  <reference ref="Populus_nigra" />
               </item>
               <item name="Populus alba" type="node" >
                  <reference ref="tree-keys" />
                  <reference ref="Populus_alba" />
               </item>
               <item name="Populus × canadensis" type="node" >
                  <reference ref="tree-keys" />
                  <reference ref="Populus_x_canadensis" />
               </item>
            </group> <!-- Populus -->

            <group name="Platanus" >
               <item name="Platanus n.sp." type="node" >
                  <reference ref="tree-keys" />
                  <reference ref="Platanus" />
               </item>

               <item name="Platanus × hispanica" type="node" >
                  <reference ref="tree-keys" />
                  <reference ref="Platanus_x_hispanica" />
               </item>
               <item name="Platanus orientalis" type="node" >
                  <reference ref="tree-keys" />
                  <reference ref="Platanus_orientalis" />
               </item>
            </group> <!-- Platanus -->

            <group name="Salix" >
               <item name="Salix n.sp." type="node" >
                  <reference ref="tree-keys" />
                  <reference ref="Salix" />
               </item>

               <item name="Salix alba" type="node" >
                  <reference ref="tree-keys" />
                  <reference ref="Salix_alba" />
               </item>
               <item name="Salix alba Tristis" type="node" >
                  <reference ref="tree-keys" />
                  <reference ref="Salix_alba_Tristis" />
               </item>
               <item name="Salix caprea" type="node" >
                  <reference ref="tree-keys" />
                  <reference ref="Salix_caprea" />
               </item>
            </group> <!-- Salix -->

            <group name="Sorbus" >
               <item name="Sorbus aucuparia" type="node" >
                  <reference ref="tree-keys" />
                  <reference ref="Sorbus_aucuparia" />
               </item>
               <item name="Sorbus americana" type="node" >
                  <reference ref="tree-keys" />
                  <reference ref="Sorbus_americana" />
               </item>
               <item name="Sorbus domestica" type="node" >
                  <reference ref="tree-keys" />
                  <reference ref="Sorbus_domestica" />
               </item>
               <item name="Sorbus aria" type="node" >
                  <reference ref="tree-keys" />
                  <reference ref="Sorbus_aria" />
               </item>
               <item name="Sorbus intermedia" type="node" >
                  <reference ref="tree-keys" />
                  <reference ref="Sorbus_intermedia" />
               </item>
               <item name="Sorbus torminalis" type="node" >
                  <reference ref="tree-keys" />
                  <reference ref="Sorbus_torminalis" />
               </item>
            </group> <!-- Sorbus -->

            <group name="Ulmus" >
               <item name="Ulmus n.sp." type="node" >
                  <reference ref="tree-keys" />
                  <reference ref="Ulmus" />
               </item>

               <item name="Ulmus glabra" type="node" >
                  <reference ref="tree-keys" />
                  <reference ref="Ulmus_glabra" />
               </item>
               <item name="Ulmus laevis" type="node" >
                  <reference ref="tree-keys" />
                  <reference ref="Ulmus_laevis" />
               </item>
            </group> <!-- Ulmus -->

            <group name="Fruit trees" >
               <item name="Malus n.sp." type="node" >
                  <reference ref="tree-keys" />
                  <reference ref="Malus" />
               </item>
               <item name="Malus domestica" type="node" >
                  <reference ref="tree-keys" />
                  <reference ref="Malus_domestica" />
               </item>
               <item name="Malus sylvestris" type="node" >
                  <reference ref="tree-keys" />
                  <reference ref="Malus_sylvestris" />
               </item>
               <item name="Pyrus communis" type="node" >
                  <reference ref="tree-keys" />
                  <reference ref="Pyrus_communis" />
               </item>
               <item name="Pyrus pyraster" type="node" >
                  <reference ref="tree-keys" />
                  <reference ref="Pyrus_pyraster" />
               </item>
               <item name="Prunus domestica" type="node" >
                  <reference ref="tree-keys" />
                  <reference ref="Prunus_domestica" />
               </item>
               <item name="Prunus domestica syriaca" type="node" >
                  <reference ref="tree-keys" />
                  <reference ref="Prunus_domestica_syriaca" />
               </item>
               <item name="Prunus armeniaca" type="node" >
                  <reference ref="tree-keys" />
                  <reference ref="Prunus_armeniaca" />
               </item>
               <item name="Prunus avium" type="node" >
                  <reference ref="tree-keys" />
                  <reference ref="Prunus_avium" />
               </item>
               <item name="Prunus cerasus" type="node" >
                  <reference ref="tree-keys" />
                  <reference ref="Prunus_cerasus" />
               </item>
               <item name="Prunus padus" type="node" >
                  <reference ref="tree-keys" />
                  <reference ref="Prunus_padus" />
               </item>
               <item name="Cydonia oblonga" type="node" >
                  <reference ref="tree-keys" />
                  <reference ref="Cydonia_oblonga" />
               </item>
               <item name="Olea europaea" type="node" >
                  <reference ref="tree-keys" />
                  <reference ref="Olea_europaea" />
               </item>
               <item name="Prunus serrulata" type="node" >
                  <reference ref="tree-keys" />
                  <reference ref="Prunus_serrulata" />
               </item>
            </group> <!-- Fruit trees -->

            <group name="Magnolia" >
               <item name="Magnolia n.sp." type="node" >
                  <reference ref="tree-keys" />
                  <reference ref="Magnolia" />
               </item>

               <item name="Magnolia fraseri" type="node" >
                  <reference ref="tree-keys" />
                  <reference ref="Magnolia_fraseri" />
               </item>
               <item name="Magnolia grandiflora" type="node" >
                  <reference ref="tree-keys" />
                  <reference ref="Magnolia_grandiflora" />
               </item>
               <item name="Magnolia × soulangeana" type="node" >
                  <reference ref="tree-keys" />
                  <reference ref="Magnolia_x_soulangeana" />
               </item>
            </group> <!-- Magnolia -->

            <group name="Juglans" >
               <item name="Juglans nigra" type="node" >
                  <reference ref="tree-keys" />
                  <reference ref="Juglans_nigra" />
               </item>
               <item name="Juglans regia" type="node" >
                  <reference ref="tree-keys" />
                  <reference ref="Juglans_regia" />
               </item>
            </group> <!-- Juglans -->

            <group name="Corylus" >
               <item name="Corylus avellana" type="node" >
                  <reference ref="tree-keys" />
                  <reference ref="Corylus_avellana" />
               </item>
               <item name="Corylus colurna" type="node" >
                  <reference ref="tree-keys" />
                  <reference ref="Corylus_colurna" />
               </item>
            </group> <!-- Corylus -->

            <group name="Crataegus" >
               <item name="Crataegus n.sp." type="node" >
                  <reference ref="tree-keys" />
                  <reference ref="Crataegus" />
               </item>

               <item name="Crataegus x lavallei" type="node" >
                  <reference ref="tree-keys" />
                  <reference ref="Crataegus_x_lavallei" />
               </item>
               <item name="Crataegus monogyna" type="node" >
                  <reference ref="tree-keys" />
                  <reference ref="Crataegus_monogyna" />
               </item>
               <item name="Crataegus rhipidophylla" type="node" >
                  <reference ref="tree-keys" />
                  <reference ref="Crataegus_rhipidophylla" />
               </item>
               <item name="Crataegus crus-galli" type="node" >
                  <reference ref="tree-keys" />
                  <reference ref="Crataegus_crus-galli" />
               </item>
               <item name="Crataegus laevigata" type="node" >
                  <reference ref="tree-keys" />
                  <reference ref="Crataegus_laevigata" />
               </item>
               <item name="Crataegus laevigata Paul’s Scarlet" type="node" >
                  <reference ref="tree-keys" />
                  <reference ref="Crataegus_laevigata_Pauls_Scarlet" />
               </item>
            </group> <!-- Crataegus -->

            <group name="Celtis" >
               <item name="Celtis n.sp." type="node" >
                  <reference ref="tree-keys" />
                  <reference ref="Celtis" />
               </item>

               <item name="Celtis occidentalis" type="node" >
                  <reference ref="tree-keys" />
                  <reference ref="Celtis_occidentalis" />
               </item>
               <item name="Celtis australis" type="node" >
                  <reference ref="tree-keys" />
                  <reference ref="Celtis_australis" />
               </item>
            </group> <!-- Celtis -->

            <item name="Liquidambar styraciflua" type="node" >
               <reference ref="tree-keys" />
               <reference ref="Liquidambar_styraciflua" />
            </item>

            <item name="Koelreuteria paniculata" type="node" >
               <reference ref="tree-keys" />
               <reference ref="Koelreuteria_paniculata" />
            </item>

            <item name="Catalpa bignonioides" type="node" >
               <reference ref="tree-keys" />
               <reference ref="Catalpa_bignonioides" />
            </item>

            <item name="Liriodendron tulipifera" type="node" >
               <reference ref="tree-keys" />
               <reference ref="Liriodendron_tulipifera" />
            </item>

            <item name="Robinia pseudoacacia" type="node" >
               <reference ref="tree-keys" />
               <reference ref="Robinia_pseudoacacia" />
            </item>

            <item name="Sambucus nigra" type="node" >
               <reference ref="tree-keys" />
               <reference ref="Sambucus_nigra" />
            </item>

            <item name="Ginkgo biloba" type="node" >
               <reference ref="tree-keys" />
               <reference ref="Ginkgo_biloba" />
            </item>

            <item name="Gleditsia triacanthos" type="node" >
               <reference ref="tree-keys" />
               <reference ref="Gleditsia_triacanthos" />
            </item>

            <item name="Ailanthus altissima" type="node" >
               <reference ref="tree-keys" />
               <reference ref="Ailanthus_altissima" />
            </item>

            <item name="Cercis siliquastrum" type="node" >
               <reference ref="tree-keys" />
               <reference ref="Cercis_siliquastrum" />
            </item>

            <item name="Carpinus betulus" type="node" >
               <reference ref="tree-keys" />
               <reference ref="Carpinus_betulus" />
            </item>

            <item name="Ostrya carpinifolia" type="node" >
               <reference ref="tree-keys" />
               <reference ref="Ostrya_carpinifolia" />
            </item>

            <item name="Pterocarya fraxinifolia" type="node" >
               <reference ref="tree-keys" />
               <reference ref="Pterocarya_fraxinifolia" />
            </item>

            <item name="Styphnolobium japonicum" type="node" >
               <reference ref="tree-keys" />
               <reference ref="Styphnolobium_japonicum" />
            </item>

            <item name="Ilex aquifolium" type="node" >
               <reference ref="tree-keys" />
               <reference ref="Ilex_aquifolium" />
            </item>

        </group> <!-- Broad-leaved trees -->

    </group> <!-- Trees -->

    <group name="Tree rows" icon="" >

        <item name="Tree row" icon="" type="way" preset_name_label="true" >
           <reference ref="tree-row-keys" />
           <reference ref="tree-leaf_type" />
           <reference ref="tree-leaf_cycle" />
           <text key="genus" text="Genus" />
           <text key="species" text="Species" />
           <text key="taxon" text="Taxon" />
        </item>

        <group name="Coniferales" icon="" >
           <item name="Coniferales n.sp." type="way" >
              <reference ref="tree-row-keys" />
              <reference ref="tree-leaf_cycle" />
              <key key="leaf_type" value="needleleaved" />
              <text key="genus" text="Genus" />
              <text key="species" text="Species" />
           </item>

         <group name="Abies" >
            <item name="Abies n.sp." type="way" >
               <reference ref="tree-row-keys" />
               <reference ref="Abies" />
            </item>

            <item name="Abies alba" type="way" >
               <reference ref="tree-row-keys" />
               <reference ref="Abies_alba" />
            </item>
            <item name="Abies nordmanniana" type="way" >
               <reference ref="tree-row-keys" />
               <reference ref="Abies_nordmanniana" />
            </item>
            <item name="Abies procera" type="way" >
               <reference ref="tree-row-keys" />
               <reference ref="Abies_procera" />
            </item>
            <item name="Abies concolor" type="way" >
               <reference ref="tree-row-keys" />
               <reference ref="Abies_concolor" />
            </item>
         </group> <!-- Abies -->

         <group name="Cedrus" >
            <item name="Cedrus n.sp." type="way" >
               <reference ref="tree-row-keys" />
               <reference ref="Cedrus" />
            </item>

            <item name="Cedrus atlantica" type="way" >
               <reference ref="tree-row-keys" />
               <reference ref="Cedrus_atlantica" />
            </item>
            <item name="Cedrus deodara" type="way" >
               <reference ref="tree-row-keys" />
               <reference ref="Cedrus_deodara" />
            </item>
         </group> <!-- Cedrus -->

         <group name="Picea" >
            <item name="Picea n.sp." type="way" >
               <reference ref="tree-row-keys" />
               <reference ref="Picea" />
            </item>

            <item name="Picea abies" type="way" >
               <reference ref="tree-row-keys" />
               <reference ref="Picea_abies" />
            </item>
            <item name="Picea pungens" type="way" >
               <reference ref="tree-row-keys" />
               <reference ref="Picea_pungens" />
            </item>
         </group> <!-- Picea -->

         <group name="Pinus" >
            <item name="Pinus n.sp." type="way" >
               <reference ref="tree-row-keys" />
               <reference ref="Pinus" />
            </item>

            <item name="Pinus sylvestris" type="way" >
               <reference ref="tree-row-keys" />
               <reference ref="Pinus_sylvestris" />
            </item>
            <item name="Pinus mugo" type="way" >
               <reference ref="tree-row-keys" />
               <reference ref="Pinus_mugo" />
            </item>
            <item name="Pinus nigra" type="way" >
               <reference ref="tree-row-keys" />
               <reference ref="Pinus_nigra" />
            </item>
            <item name="Pinus strobus" type="way" >
               <reference ref="tree-row-keys" />
               <reference ref="Pinus_strobus" />
            </item>
            <item name="Pinus cembra" type="way" >
               <reference ref="tree-row-keys" />
               <reference ref="Pinus_cembra" />
            </item>
         </group> <!-- Pinus -->

         <group name="Sequoioideae" >
            <item name="Sequoia sempervirens" type="way" >
               <reference ref="tree-row-keys" />
               <reference ref="Sequoia_sempervirens" />
            </item>
            <item name="Metasequoia glyptostroboides" type="way" >
               <reference ref="tree-row-keys" />
               <reference ref="Metasequoia_glyptostroboides" />
            </item>
            <item name="Sequoiadendron giganteum" type="way" >
               <reference ref="tree-row-keys" />
               <reference ref="Sequoiadendron_giganteum" />
            </item>
         </group> <!-- Sequoioideae -->

         <group name="Tsuga" >
            <item name="Tsuga n.sp." type="way" >
               <reference ref="tree-row-keys" />
               <reference ref="Tsuga" />
            </item>

            <item name="Tsuga canadensis" type="way" >
               <reference ref="tree-row-keys" />
               <reference ref="Tsuga_canadensis" />
            </item>
            <item name="Tsuga heterophylla" type="way" >
               <reference ref="tree-row-keys" />
               <reference ref="Tsuga_heterophylla" />
            </item>
         </group> <!-- Tsuga -->

         <item name="Pseudotsuga menziesii" type="way" >
            <reference ref="tree-row-keys" />
            <reference ref="Pseudotsuga_menziesii" />
         </item>
         <item name="Taxus baccata" type="way" >
            <reference ref="tree-row-keys" />
            <reference ref="Taxus_baccata" />
         </item>
         <item name="Larix decidua" type="way" >
            <reference ref="tree-row-keys" />
            <reference ref="Larix_decidua" />
         </item>
         <item name="Juniperus communis" type="way" >
            <reference ref="tree-row-keys" />
            <reference ref="Juniperus_communis" />
         </item>
      </group> <!-- Coniferales -->

        <group name="Broad-leaved trees" icon="" >
            <item name="Broad-leaved tree n.sp." type="way" >
                <reference ref="tree-row-keys" />
                <reference ref="tree-leaf_cycle" />
                <key key="leaf_type" value="broadleaved" />
                <text key="genus" text="Genus" />
                <text key="species" text="Species" />
            </item>

            <group name="Acer" >
                <item name="Acer n.sp." type="way" >
                   <reference ref="tree-row-keys" />
                   <reference ref="Acer" />
                </item>

                <item name="Acer pseudoplatanus" type="way" >
                   <reference ref="tree-row-keys" />
                   <reference ref="Acer_pseudoplatanus" />
                </item>
                <item name="Acer buergerianum" type="way" >
                   <reference ref="tree-row-keys" />
                   <reference ref="Acer_buergerianum" />
                </item>
                <item name="Acer negundo" type="way" >
                   <reference ref="tree-row-keys" />
                   <reference ref="Acer_negundo" />
                </item>
                <item name="Acer campestre" type="way" >
                   <reference ref="tree-row-keys" />
                   <reference ref="Acer_campestre" />
                </item>
                <item name="Acer monspessulanum" type="way" >
                   <reference ref="tree-row-keys" />
                   <reference ref="Acer_monspessulanum" />
                </item>
                <item name="Acer opalus" type="way" >
                   <reference ref="tree-row-keys" />
                   <reference ref="Acer_opalus" />
                </item>
                <item name="Acer platanoides" type="way" >
                   <reference ref="tree-row-keys" />
                   <reference ref="Acer_platanoides" />
                </item>
                <item name="Acer saccharinum" type="way" >
                   <reference ref="tree-row-keys" />
                   <reference ref="Acer_saccharinum" />
                </item>
            </group> <!-- Acer -->

            <group name="Aesculus" >
                <item name="Aesculus" type="way" >
                   <reference ref="tree-row-keys" />
                   <reference ref="Aesculus" />
                </item>

                <item name="Aesculus hippocastanum" type="way" >
                   <reference ref="tree-row-keys" />
                   <reference ref="Aesculus_hippocastanum" />
                </item>
                <item name="Aesculus × carnea" type="way" >
                   <reference ref="tree-row-keys" />
                   <reference ref="Aesculus_x_carnea" />
                </item>
            </group> <!-- Aesculus -->

            <group name="Alnus" >
                <item name="Alnus n.sp." type="way" >
                   <reference ref="tree-row-keys" />
                   <reference ref="Alnus" />
                </item>

                <item name="Alnus glutinosa" type="way" >
                   <reference ref="tree-row-keys" />
                   <reference ref="Alnus_glutinosa" />
                </item>
                <item name="Alnus incana" type="way" >
                   <reference ref="tree-row-keys" />
                   <reference ref="Alnus_incana" />
                </item>
                <item name="Alnus alnobetula" type="way" >
                   <reference ref="tree-row-keys" />
                   <reference ref="Alnus_alnobetula" />
                </item>
                <item name="Alnus cordata" type="way" >
                   <reference ref="tree-row-keys" />
                   <reference ref="Alnus_cordata" />
                </item>
            </group> <!-- Alnus -->

            <group name="Betula" >
                <item name="Betula n.sp." type="way" >
                   <reference ref="tree-row-keys" />
                   <reference ref="Betula" />
                </item>

                <item name="Betula pendula" type="way" >
                   <reference ref="tree-row-keys" />
                   <reference ref="Betula_pendula" />
                </item>
                <item name="Betula pubescens" type="way" >
                   <reference ref="tree-row-keys" />
                   <reference ref="Betula_pubescens" />
                </item>
                <item name="Betula utilis" type="way" >
                   <reference ref="tree-row-keys" />
                   <reference ref="Betula_utilis" />
                </item>
                <item name="Betula papyrifera" type="way" >
                   <reference ref="tree-row-keys" />
                   <reference ref="Betula_papyrifera" />
                </item>
            </group> <!-- Betula -->

            <group name="Castanea" >
                <item name="Castanea n.sp." type="way" >
                   <reference ref="tree-row-keys" />
                   <reference ref="Castanea" />
                </item>

                <item name="Castanea sativa" type="way" >
                   <reference ref="tree-row-keys" />
                   <reference ref="Castanea_sativa" />
                </item>
            </group> <!-- Castanea -->

            <group name="Celtis" >
                <item name="Celtis n.sp." type="way" >
                   <reference ref="tree-row-keys" />
                   <reference ref="Celtis" />
                </item>

                <item name="Celtis occidentalis" type="way" >
                   <reference ref="tree-row-keys" />
                   <reference ref="Celtis_occidentalis" />
                </item>
                <item name="Celtis australis" type="way" >
                   <reference ref="tree-row-keys" />
                   <reference ref="Celtis_australis" />
                </item>
            </group> <!-- Celtis -->

            <group name="Corylus" >
                <item name="Corylus avellana" type="way" >
                   <reference ref="tree-row-keys" />
                   <reference ref="Corylus_avellana" />
                </item>
                <item name="Corylus colurna" type="way" >
                   <reference ref="tree-row-keys" />
                   <reference ref="Corylus_colurna" />
                </item>
            </group> <!-- Corylus -->

            <group name="Crataegus" >
                <item name="Crataegus n.sp." type="way" >
                   <reference ref="tree-row-keys" />
                   <reference ref="Crataegus" />
                </item>

                <item name="Crataegus x lavallei" type="way" >
                   <reference ref="tree-row-keys" />
                   <reference ref="Crataegus_x_lavallei" />
                </item>
                <item name="Crataegus monogyna" type="way" >
                   <reference ref="tree-row-keys" />
                   <reference ref="Crataegus_monogyna" />
                </item>
                <item name="Crataegus rhipidophylla" type="way" >
                   <reference ref="tree-row-keys" />
                   <reference ref="Crataegus_rhipidophylla" />
                </item>
                <item name="Crataegus crus-galli" type="way" >
                   <reference ref="tree-row-keys" />
                   <reference ref="Crataegus_crus-galli" />
                </item>
                <item name="Crataegus laevigata" type="way" >
                   <reference ref="tree-row-keys" />
                   <reference ref="Crataegus_laevigata" />
                </item>
                <item name="Crataegus laevigata Paul’s Scarlet" type="way" >
                   <reference ref="tree-row-keys" />
                   <reference ref="Crataegus_laevigata_Pauls_Scarlet" />
                </item>
            </group> <!-- Crataegus -->

            <group name="Fagus" >
                <item name="Fagus sylvatica" type="way" >
                   <reference ref="tree-row-keys" />
                   <reference ref="Fagus_sylvatica" />
                </item>
                <item name="Fagus sylvatica Purpurea" type="way" >
                   <reference ref="tree-row-keys" />
                   <reference ref="Fagus_sylvatica_Purpurea" />
                </item>
                <item name="Fagus sylvatica Pendula" type="way" >
                   <reference ref="tree-row-keys" />
                   <reference ref="Fagus_sylvatica_Pendula" />
                </item>
            </group> <!-- Fagus -->

            <group name="Fraxinus" >
                <item name="Fraxinus n.sp." type="way" >
                   <reference ref="tree-row-keys" />
                   <reference ref="Fraxinus" />
                </item>

                <item name="Fraxinus excelsior" type="way" >
                   <reference ref="tree-row-keys" />
                   <reference ref="Fraxinus_excelsior" />
                </item>
                <item name="Fraxinus ornus" type="way" >
                   <reference ref="tree-row-keys" />
                   <reference ref="Fraxinus_ornus" />
                </item>
            </group> <!-- Fraxinus -->

            <group name="Juglans" >
                <item name="Juglans nigra" type="way" >
                   <reference ref="tree-row-keys" />
                   <reference ref="Juglans_nigra" />
                </item>
                <item name="Juglans regia" type="way" >
                   <reference ref="tree-row-keys" />
                   <reference ref="Juglans_regia" />
                </item>
            </group> <!-- Juglans -->

            <group name="Magnolia" >
                <item name="Magnolia n.sp." type="way" >
                   <reference ref="tree-row-keys" />
                   <reference ref="Magnolia" />
                </item>

                <item name="Magnolia fraseri" type="way" >
                   <reference ref="tree-row-keys" />
                   <reference ref="Magnolia_fraseri" />
                </item>
                <item name="Magnolia grandiflora" type="way" >
                   <reference ref="tree-row-keys" />
                   <reference ref="Magnolia_grandiflora" />
                </item>
                <item name="Magnolia × soulangeana" type="way" >
                   <reference ref="tree-row-keys" />
                   <reference ref="Magnolia_x_soulangeana" />
                </item>
            </group> <!-- Magnolia -->

            <group name="Platanus" >
                <item name="Platanus n.sp." type="way" >
                   <reference ref="tree-row-keys" />
                   <reference ref="Platanus" />
                </item>

                <item name="Platanus × hispanica" type="way" >
                   <reference ref="tree-row-keys" />
                   <reference ref="Platanus_x_hispanica" />
                </item>
                <item name="Platanus orientalis" type="way" >
                   <reference ref="tree-row-keys" />
                   <reference ref="Platanus_orientalis" />
                </item>
            </group> <!-- Platanus -->

            <group name="Populus" >
                <item name="Populus n.sp." type="way" >
                   <reference ref="tree-row-keys" />
                   <reference ref="Populus" />
                </item>

                <item name="Populus tremula" type="way" >
                   <reference ref="tree-row-keys" />
                   <reference ref="Populus_tremula" />
                </item>
                <item name="Populus nigra" type="way" >
                   <reference ref="tree-row-keys" />
                   <reference ref="Populus_nigra" />
                </item>
                <item name="Populus alba" type="way" >
                   <reference ref="tree-row-keys" />
                   <reference ref="Populus_alba" />
                </item>
                <item name="Populus × canadensis" type="way" >
                   <reference ref="tree-row-keys" />
                   <reference ref="Populus_x_canadensis" />
                </item>
            </group> <!-- Populus -->

            <group name="Quercus" >
                <item name="Quercus n.sp." type="way" >
                   <reference ref="tree-row-keys" />
                   <reference ref="Quercus" />
                </item>

                <item name="Quercus robur" type="way" >
                   <reference ref="tree-row-keys" />
                   <reference ref="Quercus_robur" />
                </item>
                <item name="Quercus petraea" type="way" >
                   <reference ref="tree-row-keys" />
                   <reference ref="Quercus_petraea" />
                </item>
                <item name="Quercus rubra" type="way" >
                   <reference ref="tree-row-keys" />
                   <reference ref="Quercus_rubra" />
                </item>
                <item name="Quercus pubescens" type="way" >
                   <reference ref="tree-row-keys" />
                   <reference ref="Quercus_pubescens" />
                </item>
                <item name="Quercus ilex" type="way" >
                   <reference ref="tree-row-keys" />
                   <reference ref="Quercus_ilex" />
                </item>
                <item name="Quercus suber" type="way" >
                   <reference ref="tree-row-keys" />
                   <reference ref="Quercus_suber" />
                </item>
                <item name="Quercus cerris" type="way" >
                   <reference ref="tree-row-keys" />
                   <reference ref="Quercus_cerris" />
                </item>
            </group> <!-- Quercus -->

            <group name="Salix" >
                <item name="Salix n.sp." type="way" >
                   <reference ref="tree-row-keys" />
                   <reference ref="Salix" />
                </item>

                <item name="Salix alba" type="way" >
                   <reference ref="tree-row-keys" />
                   <reference ref="Salix_alba" />
                </item>
                <item name="Salix alba Tristis" type="way" >
                   <reference ref="tree-row-keys" />
                   <reference ref="Salix_alba_Tristis" />
                </item>
                <item name="Salix caprea" type="way" >
                   <reference ref="tree-row-keys" />
                   <reference ref="Salix_caprea" />
                </item>
            </group> <!-- Salix -->

            <group name="Sorbus" >
                <item name="Sorbus aucuparia" type="way" >
                   <reference ref="tree-row-keys" />
                   <reference ref="Sorbus_aucuparia" />
                </item>
                <item name="Sorbus americana" type="way" >
                   <reference ref="tree-row-keys" />
                   <reference ref="Sorbus_americana" />
                </item>
                <item name="Sorbus domestica" type="way" >
                   <reference ref="tree-row-keys" />
                   <reference ref="Sorbus_domestica" />
                </item>
                <item name="Sorbus aria" type="way" >
                   <reference ref="tree-row-keys" />
                   <reference ref="Sorbus_aria" />
                </item>
                <item name="Sorbus intermedia" type="way" >
                   <reference ref="tree-row-keys" />
                   <reference ref="Sorbus_intermedia" />
                </item>
                <item name="Sorbus torminalis" type="way" >
                   <reference ref="tree-row-keys" />
                   <reference ref="Sorbus_torminalis" />
                </item>
            </group> <!-- Sorbus -->

            <group name="Tilia" >
                <item name="Tilia n.sp." type="way" >
                   <reference ref="tree-row-keys" />
                   <reference ref="Tilia" />
                </item>

                <item name="Tilia cordata" type="way" >
                   <reference ref="tree-row-keys" />
                   <reference ref="Tilia_cordata" />
                </item>
                <item name="Tilia platyphyllos" type="way" >
                   <reference ref="tree-row-keys" />
                   <reference ref="Tilia_platyphyllos" />
                </item>
                <item name="Tilia americana" type="way" >
                   <reference ref="tree-row-keys" />
                   <reference ref="Tilia_americana" />
                </item>
                <item name="Tilia × europaea" type="way" >
                   <reference ref="tree-row-keys" />
                   <reference ref="Tilia_x_europaea" />
                </item>
                <item name="Tilia × euchlora" type="way" >
                   <reference ref="tree-row-keys" />
                   <reference ref="Tilia_x_euchlora" />
                </item>
            </group> <!-- Tilia -->

            <group name="Ulmus" >
                <item name="Ulmus n.sp." type="way" >
                   <reference ref="tree-row-keys" />
                   <reference ref="Ulmus" />
                </item>

                <item name="Ulmus glabra" type="way" >
                   <reference ref="tree-row-keys" />
                   <reference ref="Ulmus_glabra" />
                </item>
                <item name="Ulmus laevis" type="way" >
                   <reference ref="tree-row-keys" />
                   <reference ref="Ulmus_laevis" />
                </item>
            </group> <!-- Ulmus -->

            <group name="Fruit trees" >
                <item name="Malus n.sp." type="way" >
                   <reference ref="tree-row-keys" />
                   <reference ref="Malus" />
                </item>
                <item name="Malus domestica" type="way" >
                   <reference ref="tree-row-keys" />
                   <reference ref="Malus_domestica" />
                </item>
                <item name="Malus sylvestris" type="way" >
                   <reference ref="tree-row-keys" />
                   <reference ref="Malus_sylvestris" />
                </item>
                <item name="Pyrus communis" type="way" >
                   <reference ref="tree-row-keys" />
                   <reference ref="Pyrus_communis" />
                </item>
                <item name="Pyrus pyraster" type="way" >
                   <reference ref="tree-row-keys" />
                   <reference ref="Pyrus_pyraster" />
                </item>
                <item name="Prunus domestica" type="way" >
                   <reference ref="tree-row-keys" />
                   <reference ref="Prunus_domestica" />
                </item>
                <item name="Prunus domestica syriaca" type="way" >
                   <reference ref="tree-row-keys" />
                   <reference ref="Prunus_domestica_syriaca" />
                </item>
                <item name="Prunus armeniaca" type="way" >
                   <reference ref="tree-row-keys" />
                   <reference ref="Prunus_armeniaca" />
                </item>
                <item name="Prunus avium" type="way" >
                   <reference ref="tree-row-keys" />
                   <reference ref="Prunus_avium" />
                </item>
                <item name="Prunus cerasus" type="way" >
                   <reference ref="tree-row-keys" />
                   <reference ref="Prunus_cerasus" />
                </item>
                <item name="Prunus padus" type="way" >
                   <reference ref="tree-row-keys" />
                   <reference ref="Prunus_padus" />
                </item>
                <item name="Cydonia oblonga" type="way" >
                   <reference ref="tree-row-keys" />
                   <reference ref="Cydonia_oblonga" />
                </item>
                <item name="Olea europaea" type="way" >
                   <reference ref="tree-row-keys" />
                   <reference ref="Olea_europaea" />
                </item>
                <item name="Prunus serrulata" type="way" >
                   <reference ref="tree-row-keys" />
                   <reference ref="Prunus_serrulata" />
                </item>
            </group> <!-- Fruit trees -->

            <item name="Liquidambar styraciflua" type="way" >
               <reference ref="tree-row-keys" />
               <reference ref="Liquidambar_styraciflua" />
            </item>

            <item name="Koelreuteria paniculata" type="way" >
               <reference ref="tree-row-keys" />
               <reference ref="Koelreuteria_paniculata" />
            </item>

            <item name="Catalpa bignonioides" type="way" >
               <reference ref="tree-row-keys" />
               <reference ref="Catalpa_bignonioides" />
            </item>

            <item name="Liriodendron tulipifera" type="way" >
               <reference ref="tree-row-keys" />
               <reference ref="Liriodendron_tulipifera" />
            </item>

            <item name="Robinia pseudoacacia" type="way" >
               <reference ref="tree-row-keys" />
               <reference ref="Robinia_pseudoacacia" />
            </item>

            <item name="Sambucus nigra" type="way" >
               <reference ref="tree-row-keys" />
               <reference ref="Sambucus_nigra" />
            </item>

            <item name="Ginkgo biloba" type="way" >
               <reference ref="tree-row-keys" />
               <reference ref="Ginkgo_biloba" />
            </item>

            <item name="Gleditsia triacanthos" type="way" >
               <reference ref="tree-row-keys" />
               <reference ref="Gleditsia_triacanthos" />
            </item>

            <item name="Ailanthus altissima" type="way" >
               <reference ref="tree-row-keys" />
               <reference ref="Ailanthus_altissima" />
            </item>

            <item name="Cercis siliquastrum" type="way" >
               <reference ref="tree-row-keys" />
               <reference ref="Cercis_siliquastrum" />
            </item>

            <item name="Carpinus betulus" type="way" >
               <reference ref="tree-row-keys" />
               <reference ref="Carpinus_betulus" />
            </item>

            <item name="Ostrya carpinifolia" type="way" >
               <reference ref="tree-row-keys" />
               <reference ref="Ostrya_carpinifolia" />
            </item>

            <item name="Pterocarya fraxinifolia" type="way" >
               <reference ref="tree-row-keys" />
               <reference ref="Pterocarya_fraxinifolia" />
            </item>

            <item name="Styphnolobium japonicum" type="way" >
               <reference ref="tree-row-keys" />
               <reference ref="Styphnolobium_japonicum" />
            </item>

            <item name="Ilex aquifolium" type="way" >
               <reference ref="tree-row-keys" />
               <reference ref="Ilex_aquifolium" />
            </item>

        </group> <!-- Broad-leaved trees -->

    </group> <!-- Tree rows -->

</presets>
